,Rm,Rf,Rm - Rf,s/h,s/n,s/l,b/h,b/n,b/l,SMB,HML,s/lo,s/wi,b/lo,b/wi,MOM,s/w,s/m,s/r,b/w,b/m,b/r,RMW,SMBop,s/c,s/n,s/a,b/c,b/n,b/a,CMA,SMBinv,SMBff5
2017-07-01,0.019348826001101882,0.00984,0.009508826001101882,-0.006823294629095751,0.03750662583738296,0.048004041788212645,0.03485274428002884,0.033627397892880356,0.06084436047597378,-0.01687904321746103,-0.040409476306626675,0.007443232177408345,0.029239148078113078,0.06084436047597378,0.03485274428002884,-0.002097850147620102,0.0012591070662660085,0.0464292899737791,0.027567182057840853,0.06102087846637502,0.03908597203803875,0.02711820055017751,-0.0037973014623113345,-0.017323157318901772,0.007202301344869937,0.02935491620430439,0.04526542838312498,0.001346734478796066,0.041721551873089915,0.08314308015076254,-0.05992973635511076,-0.014796240190116407,-0.01633281357549307
2017-08-01,0.000546433019853243,0.00906,-0.008513566980146757,0.057953305643048306,0.03356388639276508,0.008136832431319308,0.0013164024890054927,0.031166928852951643,0.006897551889173574,0.02009104707866733,0.022117661905780454,0.050110467744849986,0.05153853787985282,0.006897551889173574,0.0013164024890054927,-0.0020765396325826274,0.04110927913840794,0.054793452465372525,-0.004413924856881413,0.012839063864987463,0.01006888464685095,0.0245875671062541,-0.01688735037701136,0.014664430376268849,0.03524810380983456,0.0293522619696922,0.036673514234941654,-0.0018379507288905062,0.0338879147248195,0.006284386207560231,-0.004773873680778914,0.020979843270326398,0.01857844024175419
2017-09-01,0.019302978562167672,0.00954,0.009762978562167672,0.02944275388847963,0.03562667734116112,0.04043221060427563,0.004210522552894182,0.04299561409316452,-0.02126004738456701,0.026518517524141562,0.007240556610832593,0.034005811904694844,0.04702474592795606,-0.02126004738456701,0.004210522552894182,0.019244751980361206,0.035808124646705915,0.023712106353481796,0.05056393813668226,0.0004796091826207054,0.024332681338906273,0.008311849799294814,0.011294027053325228,0.025653342938682724,0.08487246945270724,0.019590649421368567,0.007206226005914627,0.02924987426487039,0.01514271479179148,-0.007733846217719007,0.057324981964691005,0.02500353401368252,0.02572513149216894
2017-10-01,0.02218813506615125,0.01012,0.012068135066151248,0.04563451396863933,0.07641306640189217,0.03436138491838773,0.009908560136490654,0.033822254598696325,0.03801849297047025,0.024886552527754006,-0.008418401891863991,0.028293877712331272,0.10383970451317862,0.03801849297047025,0.009908560136490654,0.023717946983433873,0.03973317950329114,0.09263861458708389,0.017796575742701232,0.03450542249373867,0.030408661195547526,0.01814814455604364,-0.019146940849142466,0.02236871386258215,0.023521764160219963,0.04750419250292717,0.09650180627922016,0.0007732459848352682,0.04921747178505228,0.025837352556402002,-0.04902207434528347,0.030566564205359237,0.02594061019856513
2017-11-01,0.028082627806563343,0.01131,0.016772627806563342,0.046111058020749204,0.05147264747007158,0.09617330503160525,0.04471235082524854,0.015060142347555872,-0.01571760071817954,0.04990070602260039,0.005183852266286017,0.027345455074724617,0.13795257136944913,-0.01571760071817954,0.04471235082524854,0.0855185339190763,0.082500734102625,0.027575810778217094,0.09287155667691258,-0.002596485497704859,0.029642921382691083,0.011399695402278955,0.012183501737135692,0.05483399009016317,0.12851769508984434,0.02813216782495674,0.04608425516343833,0.05612243213457639,0.004646727501399032,-0.012709107625136381,0.0756324898430594,0.05155802202246679,0.05209757271174345
2017-12-01,0.009831630594270502,0.01256,-0.002728369405729498,0.013317746576313948,0.005633838680621105,-0.034250509845260776,0.01947937966345259,0.0059921910329388045,0.008724551047386538,-0.016498348777367885,0.029161542518820388,0.0001419007880545301,-0.02193519719272001,0.008724551047386538,0.01947937966345259,-0.005661134682354244,-0.022243635092958416,-0.022186391866913076,0.0398311910436743,0.008166465711179311,0.010908188325718438,0.013230699517349556,0.03356952997140148,-0.012301396490148164,-0.009554986317277999,-0.004677784414547618,0.0028998550262570974,0.011671968331716602,0.0021849469648457303,0.02180353108878986,-0.011293202050304176,-0.015664454030306904,-0.014821399765940985
2018-01-01,0.05617870412552817,0.01385,0.042328704125528166,0.0622237965446406,0.0796717120999446,0.11434686429246499,0.07559247681689542,0.0696655673678255,0.11542217874022745,-0.0014792833292993773,-0.04597638483557821,0.0356050172306211,0.1031234557432302,0.11542217874022745,0.07559247681689542,0.013844368294638545,0.09488435705595824,0.08660931869086651,0.07208038696294779,0.11413867843225642,0.08999137553334753,0.04873255043414362,-0.044105049045561624,0.0002371527700082976,0.0380613411058545,0.10292216518334105,0.10631638469270219,0.03551563903239771,0.0938961440633943,0.12194898725393759,-0.07734419590419378,-0.001353626455943946,-0.0008652523384116753
2018-02-01,-0.0389473718793677,0.01515,-0.054097371879367695,-0.029176288910722548,-0.014359599313472792,0.023996543167494215,-0.04106740532878625,-0.017515911127685486,-0.012079389137963496,0.017041120179244702,-0.04108042413451976,-0.05094643036726266,0.04100854213881836,-0.012079389137963496,-0.04106740532878625,0.03148347815762913,0.03183501787081385,-0.028245035911943075,-0.017788774477698718,-0.02274391135360021,-0.007005360750867853,-0.04495595286566626,-0.03591791693028931,0.020168810817102128,0.01888768856048156,-0.033374050145618825,0.0022602668484923085,-0.03637982221842236,-0.002709911395895085,-0.037267587261575634,0.008757593377571262,0.021377075379749377,0.019529002125365402
2018-03-01,-0.02688449860055664,0.01622,-0.04310449860055664,0.014669723301469241,0.0074901106206308925,0.030080231939759148,-0.04782516192092578,-0.02670120603928193,-0.017552842536622575,0.04810642545289652,-0.022841414011296555,-0.007382051950350303,0.07683688454779107,-0.017552842536622575,-0.04782516192092578,0.026973308556919085,0.04568137092184489,0.011554264423583526,-0.006558705561627845,-0.060666230617265754,-0.023350809012151016,-0.00935078510861771,-0.0004623154874123462,0.048014918173945015,0.017054138311765072,0.00783763173547999,0.027214633847364562,-0.021907529384396322,-0.018873687949968694,-0.05430857704297036,0.011120276061487274,0.049065399423981665,0.04839558101694106
2018-04-01,0.0027187749953683227,0.01621,-0.013491225004631676,0.012422122194275128,0.0050623981340536745,-0.0018047039481695359,-0.049389060705100137,-0.012443139031418249,0.01740760369871345,0.0200348041393214,-0.026284919130684464,0.0077429432638135625,-0.0025222485633124526,0.01740760369871345,-0.049389060705100137,-0.0385309281154698,0.026389234076295138,-0.010453889531023589,0.0057122747829943575,-0.04165834858408023,-0.0005030504602535316,-0.006855538751611447,0.007062925269584003,0.02355485237473704,0.023076891966430976,-0.0025575746428048284,-0.001908742183136687,-0.02428925739037333,-0.012715441006267592,-0.007315166112375806,0.0040057714357850695,0.020976813216502063,0.0215221565768535
2018-05-01,0.0216083418545836,0.01746,0.004148341854583602,0.03488570056107717,0.0522637428993611,0.13100027646779708,0.029047632973146966,0.04189851193000773,0.04761310240144065,0.03319682420788001,-0.0573400226675068,0.02281494624863661,0.14771438376309426,0.04761310240144065,0.029047632973146966,0.05316698404308198,0.11427797614394268,0.07114770464332439,0.02546097693175161,0.055648528095687586,0.026317553970463148,0.042585841376730986,-0.050939842965573835,0.028778244758712317,0.07383719220261419,0.07105734394483487,0.0660268756863733,0.034449244986686126,0.045858933769987835,0.036727829378698264,0.002765866062114375,0.031295134566150046,0.03109006784424746
2018-06-01,0.00484243626760783,0.01756,-0.012717563732392169,-0.004299524737707894,0.020961131532021907,0.030099155888570425,0.025090044490668463,-0.008792866280323934,0.05004198728620276,-0.006526134271220946,-0.029675311710906305,-0.006847322775996893,0.033364489900283026,0.05004198728620276,0.025090044490668463,0.007629934940372812,0.030651722086418063,-0.004587648268127218,0.030523142633881714,0.05396020453344494,-0.0015486222939099946,0.011141335569930057,-0.021473724208025614,-0.0023219004524308168,0.04791530662811986,0.00462021002087085,0.000510215845874902,0.010191705886912743,0.002505205396726446,0.04929684202942718,0.004149977319865258,-0.0029826736060669205,-0.0039435694432395614
2018-07-01,0.03602155617289915,0.01904,0.016981556172899148,-0.043138384006196545,0.030603145180827827,0.05849334846908162,0.03794984990621202,0.040673701531365326,0.01352699302855556,-0.015397478274140003,-0.038604437798810856,0.0008544400302559122,-0.01048122581922711,0.01352699302855556,0.03794984990621202,0.00654359551408672,0.022680848837905315,0.038004961526660185,-0.01757455316155734,0.011216865522747614,0.03232425030979427,0.051820756026502976,0.0001742442521463529,-0.017416871552012235,-0.04361459361505637,0.0507548668687582,0.031067174202345546,0.045666995101444494,0.021001553744593948,0.03304820630731423,-0.03103148951163583,-0.020503102565768434,-0.017772484130640222
2018-08-01,0.030263211276748248,0.01934,0.010923211276748248,0.36971220358663986,0.06921496020080287,0.15480801357699073,0.013075401099726021,0.03343376481965795,0.03473743548102691,0.17082952532134088,0.09662107781417414,0.0250776644006011,0.5242385851228851,0.03473743548102691,0.013075401099726021,0.23874944317049157,0.11045382768462823,0.06356866473471287,0.42188433704743467,0.025633924867560085,0.03565012783947197,0.01911010137806574,0.15245334293665602,0.17183755846055931,0.38231315428040713,0.10804396422309476,0.0884438265446654,0.018299449695765573,0.018345644665278382,0.05040463017566676,0.13088207362792026,0.16391707350381884,0.16886138576190635
2018-09-01,0.0042942874264617625,0.02112,-0.016825712573538237,-0.024416596060884286,-0.027452297426695773,0.015673608665629637,-0.00589536065323169,-0.011015962670363514,0.02535144716809775,-0.014878469555484322,-0.03566850627392168,-0.020090979949015764,-0.003232911884130808,0.02535144716809775,-0.00589536065323169,-0.007194369878222242,-0.03201382274801867,0.004660131377149244,-0.021192527606405998,-0.007114695288456643,-0.0008702100243400186,0.012522816601136326,0.015229403515602823,-0.017694710088538367,-0.03277334040809444,-0.004168033303708364,-0.008209397311296619,0.020761923123809065,-0.0008384220925382416,-0.015397815870547227,0.005797897948779237,-0.016558818727941002,-0.016377332790654564
2018-10-01,-0.0694033560936963,0.02206,-0.0914633560936963,-0.050949940080489475,-0.08969016340339629,-0.16764471168295708,-0.038471923286606174,-0.09626398158625431,-0.10618671098152535,-0.02245406643748568,0.0922047796486934,-0.1301187294883227,-0.10143694839164673,-0.10618671098152535,-0.038471923286606174,0.04819828439579758,-0.12268174507960027,-0.12586234449180284,-0.0458283482537449,-0.08309227870075722,-0.08696208925386155,-0.07444589879684123,0.04274988836488568,-0.01662405702456267,-0.039500940870456816,-0.13613327649710477,-0.11478786199400874,-0.043253409245161696,-0.07270924890596382,-0.13401947027260283,0.08302649107549652,-0.013479983645947324,-0.017519369035998558
2018-11-01,0.01785935665477978,0.02307,-0.005210643345220221,0.0546959620178569,0.02803891286902956,0.08273307863351696,0.013242091325865128,0.014487772333467739,0.03482160316497708,0.0343054955653645,-0.02480831422738601,0.03329704795896697,0.07997578827528165,0.03482160316497708,0.013242091325865128,0.012549614238601361,0.04271812810016755,0.06218914475703241,0.04742597609089467,0.020239105463532206,0.00427055692620872,0.041971502668130184,0.013220122597662545,0.028617361296741178,0.0670538436775243,0.05830914713873314,0.0284625649081061,0.04860961905305965,0.009973734121246296,0.005704282193166099,0.040748307814655875,0.029845973452297173,0.030922943438134284
2018-12-01,-0.09177689467997252,0.02433,-0.11610689467997252,-0.06525134012479504,-0.07170803202634851,-0.08029497606616792,-0.09155766872378861,-0.0859331918529434,-0.08022120432864388,0.013485905562688139,0.0018535857731140776,-0.06820760823723651,-0.07799967497737569,-0.08022120432864388,-0.09155766872378861,-0.01056426556764195,-0.04383282675079557,-0.09711528242975707,-0.06653421965083245,-0.06933136219529025,-0.09741017428835241,-0.08655630440811435,-0.01996316755643049,0.015271837353457302,-0.06804116648776773,-0.07028728976634491,-0.07947233129396944,-0.10174116167051596,-0.07245213222589274,-0.08870379394244815,-0.0008031014609330561,0.015032100096924919,0.01459661433769012
2019-01-01,0.07868440166582613,0.02393,0.05475440166582613,0.10439900130664692,0.1262215607283371,0.19824427322674806,0.087821779377442,0.09580291606827024,0.09241310530363218,0.050942344837462544,-0.049218298923145665,0.12420671720429449,0.18290584603742027,0.09241310530363218,0.087821779377442,0.02705390145346781,0.1278891630141306,0.15354462759646242,0.13692217277878307,0.10496516783804394,0.09603070139061161,0.07495432178132683,-0.010488918146032325,0.047468590793131246,0.14113289327384473,0.14942568660918137,0.12938159157838117,0.08179587682448851,0.08925875662241171,0.1075001517046975,-0.00697648659237271,0.04712846210326986,0.04851313257795455
2019-02-01,0.029728889343927145,0.02411,0.005618889343927146,0.04416524726132336,0.09805039250786626,0.06728767795786676,0.02445640126072461,0.03627067863488633,0.045459028279930716,0.034439069850504905,-0.022062528857874755,0.05876986636590186,0.09661641059014206,0.045459028279930716,0.02445640126072461,0.00842195860251705,0.06882430177910917,0.06977097955083657,0.0817847336882759,0.013507881956872718,0.05482674072463828,0.030714538536433758,0.015083544244363888,0.04044361793342564,0.055078981862106614,0.07931049619654443,0.08232149209583682,0.03036117482197257,0.04633870727352112,0.025613907372880735,-0.011247621392319183,0.0381323935620378,0.037671693781989445
2019-03-01,0.01792425624958849,0.02425,-0.0063257437504115124,0.0056031988833418886,0.018783588190439855,0.021118739390341153,0.014389395729465916,0.02730153010071202,0.0301654908366298,-0.008783630067561613,-0.015645817807081575,-0.007022116025756513,0.04623024664101942,0.0301654908366298,0.014389395729465916,0.018738133779806026,-0.020794908708719858,0.0191109289862808,0.04706360588046928,0.039910996626658715,0.021075098274341588,0.013265103237488366,0.0206063106000094,-0.009623857326819482,0.029598478472938797,0.01039459923207392,0.00873898297386631,-0.012873278577909354,0.041611678068416515,0.03761411411179884,-0.014813948595317854,-0.005873484307808995,-0.008093657234063365
2019-04-01,0.03931349831373798,0.02427,0.015043498313737982,0.05330328008924975,0.06259302431109082,0.03932833430549953,0.06506201520627573,0.03408162533214501,0.031526358759820745,0.00818487980253288,0.0237553011151026,0.015280488877268576,0.055255777885372205,0.031526358759820745,0.06506201520627573,0.03675547272727931,0.0357029766493806,0.056676517085477544,0.0651207246731409,0.08286946071034537,0.01436574084024265,0.04101783024453899,-0.006216941221023044,0.0064157288709573435,0.06895375802294379,0.054950896960154115,0.03425926347310246,0.016098569589803918,0.033743824437058804,0.08095752869256577,-0.015082232276460258,0.0091213319122573,0.007907313528582509
2019-05-01,-0.0657777313668354,0.02345,-0.0892277313668354,-0.10642976147756807,-0.06817774491094458,0.036000283085011124,-0.0798200682521813,-0.10528251009898473,-0.04938983135239676,0.03196172880002041,-0.08643014073118185,-0.12441332737810541,0.04400302374007348,-0.04938983135239676,-0.0798200682521813,0.06899305710919718,-0.06274327574710264,-0.07157553536422714,-0.0029815697101399554,-0.09506754593238065,-0.08344190976781232,-0.06438318489997458,0.04522303353468438,0.035197419926232605,-0.033932762965247124,-0.061179225603264116,-0.04618697293025199,-0.0567718128878297,-0.07849082115093758,-0.10953427141404443,0.032508334245609796,0.03449931465134949,0.03388615445920084
2019-06-01,0.0689301639982407,0.02251,0.0464201639982407,0.09285971975548193,0.07764896959420858,0.07234893542855958,0.07239093193191058,0.10037511788188244,0.09341074077614583,-0.00777305527056292,-0.00025451225865645577,0.08972960066671964,0.09188957511794636,0.09341074077614583,0.07239093193191058,-0.009429917196504267,0.08794965896253965,0.08375144208820637,0.06880941892212032,0.07967325380951945,0.09396781470245928,0.09500006945466134,-0.0019067121976387158,-0.009376872664591251,0.0722503316263472,0.07016197468122426,0.10332493189874954,0.08731197133840866,0.07312875129825755,0.11621543971620531,-0.029989034325099487,-0.010306308048850188,-0.009152078661334787
2019-07-01,0.013128152166957952,0.01996,-0.006831847833042047,0.03463341302020265,0.03151557579625444,0.06761699678675846,0.03640995262935483,0.01644066781184362,-0.009362379188404102,0.030092581450140404,0.006394374025601557,0.008445627298388346,0.09859773696889479,-0.009362379188404102,0.03640995262935483,0.06796222074413268,0.05541762309785973,0.05006953277817158,0.021142692426446875,0.012377638203888862,0.001406328075960349,0.03548671333290024,-0.00558292777120074,0.025786389563242917,0.05350905111094791,0.014364961468990078,0.07248836314914847,0.015915592872164666,0.01485004455819824,0.013334381996910429,-0.00819905058147316,0.03208745210060438,0.029322141037995898
2019-08-01,-0.018091627240523933,0.02093,-0.03902162724052394,-0.052454942513136066,-0.017234904528698875,-0.0051015110470240205,-0.004162888303010899,-0.005612375817863804,-0.029532738886435577,-0.011827785027182897,-0.010991790441343682,-0.05390302923307277,0.00019492103163008492,-0.029532738886435577,-0.004162888303010899,0.039733900424063766,-0.03978355930608635,-0.02638107252746992,-0.005108969332698452,-0.005816948366012346,-0.03373044968731549,0.01105403884196051,0.025772788590680377,-0.014260080651629132,-0.03127554661575113,-0.023153961422351835,-0.01808528970704332,-0.007858957201628828,-0.01027007457306351,-0.01938754863446421,-0.0008308327379362122,-0.011666072445329911,-0.012584646041380647
2019-09-01,0.017181177931020697,0.01909,-0.0019088220689793024,0.030349283670666548,0.03535096089703655,-0.03108355026847627,0.01369869969138476,0.012803039591718591,-0.019656177855251002,0.00925704429045816,0.04739385574288929,0.037387744745309065,-0.004654603488980365,-0.019656177855251002,0.01369869969138476,-0.004343735343826834,-0.0023416336614680267,0.0214186255956268,0.020898292865610266,-0.00924329420069017,0.018872347068915354,-0.0051178404700638995,0.013682690128852282,0.011821357467202587,0.022315581296418103,0.04174226110725556,-0.0318993404929926,0.0094875513097065,0.018308851783915656,-0.023068461739691758,0.04338546741940448,0.009143520185583556,0.010073973981081433
2019-10-01,0.020431770513684056,0.01537,0.0050617705136840555,0.041059302277279636,0.044346322897636244,0.046112953857295774,0.04235349672604844,0.054993932240651286,0.005666394017624221,0.009501585349295898,0.015816725564204038,0.01243566140170162,0.09866968374673366,0.005666394017624221,0.04235349672604844,0.06146056252672812,0.05336662845747805,0.014294285417817014,0.07541614111069321,0.03710613786342658,0.0474438407886444,0.021367725659947927,0.003155550224868256,0.012386450224656453,0.0002967542207362984,0.07406116784261556,0.04573187045156006,0.025864427683543363,0.05395793357763759,0.023589922747379026,-0.02158030564732971,0.005559169502117316,0.009149068358689888
2019-11-01,0.034047037714499906,0.01619,0.017857037714499906,0.04092624124576668,0.06629606071917608,0.05283718374687823,0.023699451656502224,0.03337405047015574,0.07483697670998828,0.00938300229172491,-0.031524233777298794,0.004135642636452181,0.1321019473529942,0.07483697670998828,0.023699451656502224,0.03841438983152798,0.059641709369689704,0.06547092910109925,0.03526420555567697,0.04342784585444505,0.03466973087429428,0.053314563490930555,-0.00724539308876361,0.009654901268932016,0.006381481858807518,0.03562864553967107,0.1298445179977674,0.04291935812601116,0.03301495357180742,0.0561142813305001,-0.0683289796717244,0.013268684122642434,0.010768862561099787
2019-12-01,0.02858981890573009,0.01471,0.01387981890573009,0.07105541455161965,0.029879713059984627,0.035852381038331,0.02598954124797074,0.031700134423175076,0.02439773189368027,0.018233367028369734,0.018397421433789557,0.051846932104050905,0.06585002936790509,0.02439773189368027,0.02598954124797074,0.007797453309072326,0.04455041566854255,0.039053001873666955,0.049655903102463345,0.011239728209094468,0.029670621826480406,0.041957639297210705,0.017911699261018516,0.016797110437295763,0.05069869549668707,0.0421595658336776,0.039206227021996394,0.03192894606822634,0.031500161902296715,0.018735212102333174,0.012343101220291919,0.016633389426501607,0.0172212889640557
2020-01-01,-0.0016280928190489652,0.01557,-0.017198092819048966,0.027847917310212855,-0.005145011315001736,0.04521959918356626,0.02185830562518483,-0.02121497046938005,0.021457091642193407,0.015274026126926396,-0.00848523394518099,-0.03708021994844806,0.07714519195646447,0.021457091642193407,0.02185830562518483,0.05731331294395198,0.056407360595988026,0.006661457411806682,0.00031273766067173834,0.041547130279972116,-0.006748798733526462,-0.018261816954545002,-0.057951785084916704,0.015615013692188595,-0.014978983089870411,0.0276597637817201,0.04262450329588083,-0.03301849669391189,0.013740202936368498,0.027934423091792136,-0.059278203085727635,0.015549718217827255,0.015479586012314082
2020-02-01,-0.08411048363840312,0.01471,-0.09882048363840312,-0.09577500544989387,-0.019316556287827833,-0.02716003776532102,-0.035600206033315776,-0.05108255814973485,-0.05262729760766389,-0.0009805125707760681,-0.02579393805511236,-0.10858867473358011,0.06336925839277015,-0.05262729760766389,-0.035600206033315776,0.09449251235034918,-0.06545660726157282,-0.026887207379218632,-0.0469959959809471,-0.03837775131246334,-0.0392309138350372,-0.06625972137963615,-0.004710679393273541,0.0015095253017993748,-0.08878068552366515,-0.052209353619786764,0.011389515537316468,-0.05245413756030886,-0.04841513927064822,-0.03946671529786767,-0.0565788116617114,0.003578489507563107,0.0013691674128621378
2020-03-01,-0.12511928240892822,0.00041,-0.12552928240892822,-0.18061155509242227,-0.08759525001619131,-0.13341142318573068,-0.07380602124506244,-0.08366968382644464,-0.12246104001769166,-0.04056049440171518,0.000727443432968794,-0.18786424651869227,-0.08172169021106669,-0.12246104001769166,-0.07380602124506244,0.07739878754012738,-0.1522189101644297,-0.10473149243070846,-0.13807696323208415,-0.0984172991276733,-0.043317264479796266,-0.15372234276890162,-0.020581548354441398,-0.033190153150283716,-0.13111691244315457,-0.1307497343975713,-0.12315370284539541,-0.09985654729259262,-0.08555775504421331,-0.0937962615147895,-0.007011747687781136,-0.03526992861150864,-0.036340192054502514
2020-04-01,0.1268440381652789,0.00091,0.1259340381652789,0.22783005341750998,0.16664363406536836,0.19435642852672833,0.08892893269070577,0.12857433763894013,0.15730040202299336,0.07134214788565578,-0.017448922220752977,0.19131214413773223,0.19018437241661934,0.15730040202299336,0.08892893269070577,-0.03474962052670022,0.2589082566718875,0.16174857688522687,0.1700559967525468,0.1259294828837335,0.11262504683148197,0.14238348525567693,-0.03619912877369866,0.06992493844625625,0.1911745971458028,0.1803884602822391,0.21198058695969146,0.1413187226691636,0.09914992902458895,0.14565210089517563,-0.012569684019950372,0.06580763059960171,0.06902490564383791
2020-05-01,0.04528181966555822,0.00129,0.04399181966555822,0.05738364188172521,0.14445774211018847,0.1512768250855057,0.057209028513784024,0.07789772326793597,0.05482563952105683,0.0543952725915475,-0.04575489710552663,0.06130743414729,0.18522791515589218,0.05482563952105683,0.057209028513784024,0.0631519350006647,0.1245218283179888,0.12292408243415763,0.11395447512374632,0.10959006968841416,0.04754628047923129,0.044469672976940856,-0.0378438749528579,0.05326478757710215,0.09686135017450317,0.09067272061577385,0.1862706850157634,0.04683136011423987,0.0755585561486693,0.06844215470112405,-0.055510064714072216,0.06099089494733574,0.05621698503866179
2020-06-01,0.01838839651392421,0.00132,0.01706839651392421,0.0576265036052134,0.047289539943030395,0.029163637408612737,0.0006413529715422878,0.029256662751008262,0.045606108059881585,0.019525185724808127,-0.008250944445869317,0.01329088261784035,0.061219256620463985,0.045606108059881585,0.0006413529715422878,0.0014818094571421685,0.0605036536849565,0.02868251349073475,0.05205006241666361,0.025724863805762596,0.02091724726402659,0.0320694802076359,-0.0010544874332097942,0.02084154610497659,0.04952092811432195,0.07403695842148286,0.00023432577549308532,0.041505067661968834,0.009687593674006215,0.031838027476073255,0.02947682126236222,0.013587174499749857,0.01798463544317819
2020-07-01,0.055101321480443666,0.0009,0.05420132148044367,0.0772906128004612,0.06530993903120894,0.0903962571221799,0.02368866669043857,0.03899599397376659,0.09249821199445922,0.02593797876506189,-0.040957594812869674,0.08390431672851645,0.08230371949410038,0.09249821199445922,0.02368866669043857,-0.03520507126921836,0.06737179108269595,0.07488399465758729,0.08705869412649819,0.04252621143949056,0.05683921947520348,0.04895466270495615,0.01305767715463392,0.026998128749043747,0.04292882703323412,0.10133136343769894,0.07488222448042081,0.07004628560687104,0.010734120508576942,0.0799482537783099,-0.020927682809312773,0.019471251685865325,0.02413578639999032
2020-08-01,0.07006466690171775,0.00088,0.06918466690171775,0.04361873879517748,0.04521329523235089,0.05083873942907392,0.05670265446187103,0.047484157561336754,0.128161014644372,-0.030892351070325834,-0.03933918040819871,0.005975858931087754,0.10008608939331154,0.128161014644372,0.05670265446187103,0.01132593513986141,0.055203161843261656,0.01843906967358225,0.07632632100082325,0.09490846733937643,0.06487105746806567,0.06588103266524198,-0.003952137758286428,-0.02523066831833897,0.011487456769905138,0.07789566886193168,0.03771750412108055,0.048442656855287036,0.0736681430562621,0.09827354024357383,-0.03803046536973109,-0.031094570134068543,-0.029072529840911115
2020-09-01,-0.039227970178423055,0.00081,-0.04003797017842305,-0.05416109431682349,-0.028832446815121333,-0.0008153285214027755,-0.01620806548288625,-0.02996339965317034,-0.060315630353617235,0.007559408612108746,-0.004619100462344868,-0.00646096866850022,-0.039937572553334584,-0.060315630353617235,-0.01620806548288625,0.0053154804929483115,-0.04489642453231016,-0.02795104504854795,-0.011300400751940796,-0.040064801662547146,-0.0337269830146941,-0.03124777875030805,0.021206523346304226,0.0069638976982501315,-0.047367781051181404,-0.03344226712217332,-0.0012258136695882766,-0.026552324574417814,-0.0207941602114681,-0.05967630689780158,-0.006508992529104682,0.008328976613581496,0.007617427641313458
2020-10-01,-0.027665786221379718,0.00083,-0.02849578622137972,0.016119561619591032,-0.024112901135791447,0.010558486495431922,-0.022962664593961242,-0.034349106899127485,-0.01147709281274392,0.023784670428354717,-0.0029622483285291056,-0.03170531689221394,0.038207200617823685,-0.01147709281274392,-0.022962664593961242,0.029213472864410152,-0.015032468765298282,-0.011679530828759369,0.024495081070584512,0.013848942804457186,-0.052324212011921896,-0.023400093131908554,0.001139256949758527,0.019886147938633376,0.007021409406375283,-0.007183235224515466,-0.003784437168503689,-0.040977049164309706,-0.025382644681984413,-0.007271012267264335,-0.011450095161083198,0.02322814770897153,0.022299655358653206
2020-11-01,0.10754563544385909,0.0008,0.1067456354438591,0.16050340415147474,0.15533399503682904,0.12172166587943015,0.10354393028098177,0.14524185625190741,0.12930461098080606,0.019822889184679587,0.006510528786110165,0.07223780859395396,0.27074829952015134,0.12930461098080606,0.10354393028098177,0.08637490511318653,0.209217174231934,0.08517588699028587,0.17014989155572297,0.12023067264466493,0.133770288508002,0.1285015778009919,-0.01539818875994206,0.02734680460809466,0.12507949557882775,0.16544945823563367,0.1431395484845015,0.13834844298259585,0.13452880878379936,0.11113321005994568,0.004577590008488203,0.01655268015754066,0.021240791316771635
2020-12-01,0.03712145909357001,0.00053,0.036591459093570006,0.07442424094595125,0.06845459759838288,0.07483186119534672,0.019943062006440974,0.04045995835577514,0.06209015532020867,0.031739174685752006,-0.021277356781581595,0.029633955612887158,0.13305872760833273,0.06209015532020867,0.019943062006440974,0.030638839340838935,0.07728073284320083,0.07872471575175527,0.05775520570111998,0.04387573528636035,0.035459444276638885,0.04508127076524719,-0.009159995831597004,0.029781401322609882,0.05010632968439166,0.07020073549385675,0.09673204306317326,0.037337904080798116,0.053184900418946704,0.028941072534137746,-0.019114440916060613,0.032525077069179696,0.031348551025847195
2021-01-01,-0.011136660755445171,0.00055,-0.011686660755445171,0.036974585136163855,-0.02652487630306381,-0.037794065587046025,0.019813847139405063,0.0035261166749012817,-0.026734783514339316,-0.007983179017971003,0.06065864068847713,-0.030310505362847254,0.02410827625083889,-0.026734783514339316,0.019813847139405063,0.050483706133715264,0.009359953420087126,-0.006072988572402787,-0.03849743226726917,-0.002945762407142838,0.0037909066911333924,-0.004341806297958952,-0.024626714789086207,-0.010571268468538812,0.009758545320192926,-0.02673900098333101,-0.010281545444551279,-0.019620321230845356,0.01730687927946859,-0.0046896317482784744,0.0025547006410886622,-0.00675297580267804,-0.008435807763062618
2021-02-01,0.026091451377448394,0.00035,0.025741451377448394,0.020550164860088076,0.02428252379799946,0.022146310574467545,0.03480283144665529,0.03768787104858597,-0.001785370110513154,-0.001242111050724342,0.01749602792139449,-0.052542940612050414,0.09532501076662347,-0.001785370110513154,0.03480283144665529,0.09222807646792117,0.007991023629048185,0.0135916103923941,0.04950825498249947,0.036015522891921746,0.020590587601120074,0.020675100140711628,0.013088404301120585,-0.00206344054327056,0.007466173265461977,0.028670514141557926,0.029154623231858842,0.004957374028853229,0.056499633983269404,0.005904931153837382,-0.01131800354569051,-0.000690209509027092,-0.0013319203676739981
2021-03-01,0.042438632533165155,7e-05,0.042368632533165154,0.062081533436745946,0.046200984896352756,-0.005072301860889985,0.024342385902034518,0.051699508945506595,-0.02067301389218051,0.015947111838949365,0.05608461754592548,0.03587237419849675,-0.0028685955514042337,-0.02067301389218051,0.024342385902034518,0.0031372150221570215,0.03388492045184689,0.044398617106087404,0.025619897295145713,-0.012813976630671579,0.02723601499624541,0.050355878724118,0.027452416099044197,0.013041839254462728,0.06412003195485963,0.039049181860609815,0.002791696132025029,0.05342667111409592,0.026449304415849112,-0.011849421600390073,0.0633022142686603,0.01264478533931317,0.013877912144241755
2021-04-01,0.05242532134755851,0.0001,0.052325321347558504,0.018809717237933506,0.03534205091066847,0.035670803363249876,0.029803325484694852,0.028485677292181124,0.059788287978187256,-0.009418239747737124,-0.023423024309404385,0.043561015515510663,0.013184846300977134,0.059788287978187256,0.029803325484694852,-0.030180565854012967,0.022865253710559134,0.03494099319667088,0.03217057757154399,0.05491396355553571,0.03659600675047428,0.023447962965094334,-0.011080338364728264,-0.008327036264110101,0.004303888558837916,0.053684471022493546,0.024779434964433817,0.036779311238616205,0.02224999044166885,0.05864659161902475,-0.021171413393002228,-0.011636032917848184,-0.009793769643231804
2021-05-01,0.00548648867060697,3e-05,0.005456488670606971,0.016248447641439786,0.003630236700094855,0.00035679438598200066,0.01587107532837699,0.025906484020105036,-0.030504782481195505,0.0029875672867433734,0.031133755532515142,-0.031185363007515485,0.028853196906045153,-0.030504782481195505,0.01587107532837699,0.05320720886156657,0.024293060545007596,-0.008178693964975269,0.008663008557126668,-0.011621783428698658,0.01568678870431853,0.011138423636199922,0.0035650775385088268,0.0031913154084464,0.02304111484716023,-0.006489415024752859,0.007575952645435313,0.015781973913328386,0.011313360160816228,-0.008672447445135354,0.019959791780094327,0.0019015886129444739,0.002693490436044749
2021-06-01,0.022214009565834747,0.00041,0.021804009565834746,-0.008625774688197415,0.03373935957921531,0.08286257025015915,0.04221149927973729,0.03955508873315964,0.08591826626231258,-0.01990289971134416,-0.06759755596046593,0.019695491826008785,0.0681044322845194,0.08591826626231258,0.04221149927973729,0.0023510867379676614,0.02736610059937576,0.017251808114431038,0.0696996123753642,0.04975112746237853,0.062000135837403256,0.04730088055071864,0.019941632432164277,-0.01491154092044314,0.017839595091003687,0.014733516993821047,0.0827129825122732,0.014176332653235112,0.07144516294466641,0.06991560390658116,-0.06030632933730778,-0.013417001635794921,-0.016077147422527405
2021-07-01,0.02274805482838871,0.00046,0.02228805482838871,-0.018201495258930684,0.04739429153444254,0.0584125848863635,-0.0019189241283084591,0.019706854731054553,0.0684090648158211,0.000469461914436059,-0.07347103454471188,0.0380337052622067,0.01669745918445538,0.0684090648158211,-0.0019189241283084591,-0.04583211751094044,-0.005386122603191703,0.045415647104570425,0.04833687374890898,0.021618098975187003,0.035155151331468175,0.023482092573291386,0.027793494975102532,0.0027036851234470416,-0.019463185442874245,0.05466711791561181,0.049604207773303446,0.02372205325460297,0.026504549904210077,0.033355894116232784,-0.03935061703890375,0.00040854765699839535,0.0011938982316271652
2021-08-01,0.028990416255438634,0.00036,0.028630416255438634,0.020196298466432373,0.053324277470033106,-0.001999121616115015,0.03920062340077057,0.020867017736813584,0.06516612515868761,-0.01790410399197376,-0.0018850408376848253,0.030188546529739645,0.05814206472951595,0.06516612515868761,0.03920062340077057,0.0009940082209296264,0.03662893100348885,0.025716804242891564,0.019793978007486022,0.03313083745231593,0.061790919974688836,0.014572046470084202,-0.017696871989117277,-0.009118030214407508,0.015801115430079227,0.04162760245917055,0.01859145758912475,0.014169450273283594,0.03605821131579409,0.06916333794604773,-0.028892114915904835,-0.014456941352250296,-0.013826358519543855
2021-09-01,-0.047569168801901096,0.00045,-0.048019168801901095,-0.000196144994358357,-0.03932919507837671,-0.0367651591575728,-0.051819380857835454,-0.04882167461108574,-0.060128879999052406,0.028159812079221906,0.022439256652215696,-0.05490393938179575,-0.007586332533374425,-0.060128879999052406,-0.051819380857835454,0.02781355299481914,0.011759838914854949,-0.03382416552018654,-0.056343491685818654,-0.03840545175100753,-0.07444454138660259,-0.038064993570549314,-0.033881436210107696,0.024169056139003057,0.0065828062689883195,-0.0482499788593185,-0.031192255955000088,-0.05207802586442643,-0.053426361991394215,-0.053494514004342006,0.019595775181951994,0.02871315777161079,0.027014008663278587
2021-10-01,0.0691438364006065,0.00063,0.0685138364006065,0.05661128728989384,0.06821667783280262,0.10920584312044165,0.005090887293666135,0.07903180035157073,0.08384082237052305,0.022023432742459395,-0.06567224545370237,0.04493280925986138,0.11839416504467462,0.08384082237052305,0.005090887293666135,-0.0026442896460218412,0.049857690825754634,0.06701275781616184,0.11762640576146809,0.06251058691147876,0.051331712263942744,0.06477509087404151,0.03501660944913809,0.018626488117973856,0.04575051638146703,0.0830160747028223,0.09957514143961042,0.04096159358451977,0.047460842213925665,0.09168375042410105,-0.05227339094886234,0.016078515433784434,0.018909478764739227
2021-11-01,-0.008333706184746159,0.00113,-0.009463706184746158,-0.00863401848596929,0.008501471944679873,-0.018016242748179694,0.0029573074524774303,0.008497026261397804,0.015248538450515796,-0.01495055381795338,-0.0014545033679139808,-0.03684018600577352,0.03863600136566977,0.015248538450515796,0.0029573074524774303,0.03159247818670246,0.0043409982463800895,-0.006111588723014798,-0.010757790863721067,-0.04423604758446668,0.020805165641885132,0.045399854345246675,0.0372685564098061,-0.011499117914340301,0.009707201791735044,-0.014950648251862184,-0.003885296599902717,-0.018588235804270388,0.039236634733351865,-0.005768453100057392,0.00038635784371238244,-0.008002896296351314,-0.011484189342881665
2021-12-01,0.04361291346206486,0.00025,0.04336291346206486,0.08262632980603163,0.058842209579123436,0.027220912760025764,0.02479008246145724,0.05661157605975867,0.00378974870856851,0.027832681638465473,0.03820287539944729,0.03211516174583037,0.04027203133020856,0.00378974870856851,0.02479008246145724,0.014578601668633454,0.07983169205588182,0.06540941237520885,0.020922500484826554,0.04121198524067104,0.011128356616251969,0.05034461131267168,-0.024888282749527313,0.021159550582107514,0.06426746038992884,0.08088456133387262,0.015059602823398945,0.0634926172791326,0.03643617046119459,-0.00697760912647966,0.05983904198607108,0.02242014864445096,0.02380412695500798
2022-01-01,-0.052585165027393854,0.0004,-0.05298516502739385,-0.0003258300029030338,-0.1098180321913671,-0.13530123063365326,-0.04000959493622395,-0.08442832842233648,-0.1268869368085307,0.0019599224463892617,0.1109263712515285,-0.14189989451694746,-0.05444894750344184,-0.1268869368085307,-0.04000959493622395,0.08716414444290618,-0.03901000999914055,-0.08172272470893249,-0.13551824561309442,-0.0761270905288797,-0.08506393187011103,-0.0898893749035717,-0.055135259994322935,-0.0017235276728683468,-0.018606717272139958,-0.10598231896445494,-0.12233133090937162,-0.05415684683110616,-0.08427843891628285,-0.11294722422972271,0.08125749551792412,0.001487380943715047,0.0005745919057453206
2022-02-01,-0.031360491945908286,0.0006,-0.03196049194590829,0.01676799961322149,-0.019704072566132658,-0.003784531498970443,-0.0003796169885688692,-0.06683666834448154,-0.051816056900485345,0.03743724592721805,0.035994485512054204,-0.04736252070405323,0.05707117268021711,-0.051816056900485345,-0.0003796169885688692,0.07793506664809341,0.01488719202534109,-0.010540889077469874,-0.014591208741546206,-0.03550144194888859,-0.05250983865172535,-0.03653138074552038,-0.015254169781759544,0.038099251850819776,0.0028603026399971134,-0.01036447421781423,-0.0028085860849561975,-0.032644958530592565,-0.041605425798358436,-0.05448628196078597,0.013755106077573357,0.03947463620898789,0.03833704466234191
2022-03-01,0.03577328837154625,0.00123,0.03454328837154625,0.05861363911624729,0.0591554577159613,0.060341371665528505,-0.002954421978934713,0.06572688680758071,-0.010271363124272416,0.04186978893112117,0.002794604298028247,0.03323212484640066,0.09703036598271808,-0.010271363124272416,-0.002954421978934713,0.035557591140827564,0.05037428775641254,0.04368492428505078,0.09000146162200859,0.010855215433050774,0.03249787259273814,0.021928403761216426,0.02535018109688085,0.039593060625488855,0.04482960322806172,0.056121386985823425,0.07832642856467423,0.04019877421606439,0.01419166798230955,0.017931897515719324,-0.0056149743181337225,0.0356516930214887,0.039038180859366244
2022-04-01,-0.08795671180434306,0.0033,-0.09125671180434305,-0.051725306847870675,-0.08312434841611457,-0.10263269522338508,-0.07836232919796707,-0.10919061974615482,-0.18400302892374365,0.04469120912683175,0.0782740440506455,-0.10903445807704824,-0.08611649296784314,-0.18400302892374365,-0.07836232919796707,0.06427933241749084,-0.08324476457198537,-0.07389674341368042,-0.08388992134879457,-0.10642448634224341,-0.1425987580741794,-0.10968344947912555,-0.0019520599568456642,0.03922508818702933,-0.0665187121005175,-0.08446214325284093,-0.0859869586583479,-0.08872857959110664,-0.11454108726178222,-0.1662284388935815,0.04848405293015262,0.04417676391158801,0.0426976870751497
2022-05-01,5.317770464463578e-05,0.00725,-0.007196822295355365,0.02647811900967712,-0.005257755188147183,-0.010281555805624124,0.043616993304549836,-0.016169964156652103,-0.02066390272129877,0.0013852271964356166,0.05052028542057493,-0.054804521278527134,0.06260612485035018,-0.02066390272129877,0.043616993304549836,0.09084577107736296,0.03312498346811971,0.0011771865050897445,-0.025838339531625534,-0.05016135303992268,0.024301740262057073,0.01707669904342259,0.004137364541800012,0.005748914725342315,0.05634290294734171,-0.00825093786802725,-0.03600193295576247,0.010654432524194889,0.021050214701164582,-0.039236974205613076,0.07111812131645608,0.0065407863679351995,0.004558309429904377
2022-06-01,-0.08391999993382682,0.01025,-0.09416999993382681,-0.08726988345349937,-0.039038683753260764,-0.0854781268715626,-0.062150163399885654,-0.11983480912252961,-0.1122654294368192,0.02748790262697058,0.02416175472749839,-0.1049507452037742,-0.03283395504571802,-0.1122654294368192,-0.062150163399885654,0.06111602809749486,-0.10578443252418686,-0.042931842154631236,-0.06157305078359294,-0.09345159653534728,-0.11596682369360324,-0.08631966843371713,0.025671654921112036,0.02848292106675221,-0.10756343351172401,-0.07127859345048576,-0.020544701847949473,-0.09914197960823182,-0.10944339180799417,-0.0896617295101375,-0.04824949088093443,0.03295345737206809,0.029641427021930292
